{
    
    

    "record.morgan": {
        "sounds": [
            {
                "name": "morgan",
                "stream": true
            }
        ]
    },

    "record.albion": {
        "sounds": [
            {
                "name": "albion",
                "stream": true
            }
        ]
    },

    "record.baggst": {
        "sounds": [
            {
                "name": "baggst",
                "stream": true
            }
        ]
    },

    "record.oberon": {
        "sounds": [
            {
                "name": "oberon",
                "stream": true
            }
        ]
    },

    "record.bavanchy": {
        "sounds": [
            {
                "name": "bavanchy",
                "stream": true
            }
        ]
    },

    "record.coronation": {
        "sounds": [
            {
                "name": "coronation",
                "stream": true
            }
        ]
    }
}