{
  "parent": "item/generated",
  "textures": {
    "layer0": "item/music_disc_far"
  },
  "overrides": [
   



    {
      "predicate": {
        "custom_model_data": 7
      },
      "model": "item/discs/morgan"
    },

    
    {
      "predicate": {
        "custom_model_data": 2
      },
      "model": "item/discs/albion"
    },

    
    {
      "predicate": {
        "custom_model_data": 3
      },
      "model": "item/discs/baggst"
    },

    
    {
      "predicate": {
        "custom_model_data": 4
      },
      "model": "item/discs/oberon"
    },

    
    {
      "predicate": {
        "custom_model_data": 5
      },
      "model": "item/discs/bavanchy"
    },

    {
      "predicate": {
        "custom_model_data": 6
      },
      "model": "item/discs/coronation"
    }
  ]
}
